id,is_control_task,mixed_set,mixed_topics,mixed_words,quartile,similarity,task_id,topic1_words,topic2_words,model
216476550,,<b>formula</b><br>predicate<br>truth<br>true<br><b>logic</b><br><b>logical</b><br>sentence<br><b>modal</b>,"[28, 11]","['logic', 'formula', 'modal', 'logical', 'sentence', 'truth', 'true', 'predicate']",0,0.8039586544036865,mix_28_11_closest,"['logic', 'formula', 'modal', 'logical']","['sentence', 'truth', 'true', 'predicate']",NMF_50
216476551,,<b>space</b><br>clock<br>light<br><b>spacetime</b><br>velocity<br><b>time</b><br><b>field</b><br>simultaneity,"[13, 35]","['space', 'spacetime', 'field', 'time', 'clock', 'velocity', 'light', 'simultaneity']",0,0.7969379425048828,mix_13_35_closest,"['space', 'spacetime', 'field', 'time']","['clock', 'velocity', 'light', 'simultaneity']",BERTopic_54
216476552,,explanatory<br><b>model</b><br><b>law</b><br>idealization<br><b>explanation</b><br>hempel<br><b>reduction</b><br>explanandum,[2],"['law', 'explanation', 'model', 'reduction', 'explanatory', 'hempel', 'idealization', 'explanandum']",-1,1.0,single,"['law', 'explanation', 'model', 'reduction']","['explanatory', 'hempel', 'idealization', 'explanandum']",CFMF_25
216476553,,<b>payoff</b><br>stag<br>equilibria<br>game<br><b>signalers</b><br><b>replicator</b><br>nash<br><b>huttegger</b>,[23],"['replicator', 'payoff', 'huttegger', 'signalers', 'equilibria', 'nash', 'game', 'stag']",-1,1.0,single,"['replicator', 'payoff', 'huttegger', 'signalers']","['equilibria', 'nash', 'game', 'stag']",Top2Vec_25
216476554,,speaker<br><b>predicate</b><br>utterance<br><b>semantics</b><br><b>meaning</b><br><b>language</b><br>semantic<br>sentence,[40],"['sentence', 'utterance', 'speaker', 'semantic', 'predicate', 'semantics', 'meaning', 'language']",-1,1.0,single,"['sentence', 'utterance', 'speaker', 'semantic']","['predicate', 'semantics', 'meaning', 'language']",CFMF-emb_51
216476555,,mechanic<br><b>equilibrium</b><br>quantum<br><b>energy</b><br><b>entropy</b><br>particle<br><b>law</b><br>measurement,"[1, 2]","['entropy', 'equilibrium', 'law', 'energy', 'quantum', 'particle', 'measurement', 'mechanic']",0,0.7671223878860474,mix_1_2_closest,"['entropy', 'equilibrium', 'law', 'energy']","['quantum', 'particle', 'measurement', 'mechanic']",CFMF-emb_24
216476556,,proof<br><b>formula</b><br><b>logic</b><br><b>logical</b><br>number<br><b>modal</b><br>mathematical<br>mathematics,"[43, 28]","['mathematics', 'mathematical', 'proof', 'number', 'logic', 'formula', 'modal', 'logical']",0,0.7837240695953369,mix_43_28_closest,"['mathematics', 'mathematical', 'proof', 'number']","['logic', 'formula', 'modal', 'logical']",NMF_50
216476557,,<b>unobservables</b><br><b>observability</b><br><b>unobservable</b><br>psillos<br><b>fraassen</b><br>stathis<br>realist<br>pessimistic,"[23, 37]","['psillos', 'pessimistic', 'realist', 'stathis', 'fraassen', 'unobservables', 'unobservable', 'observability']",0,0.7924398183822632,mix_23_37_closest,"['psillos', 'pessimistic', 'realist', 'stathis']","['fraassen', 'unobservables', 'unobservable', 'observability']",Top2Vec_48
216476558,,confirm<br><b>probability</b><br>raven<br><b>bayesian</b><br><b>frequency</b><br><b>chance</b><br>hypothesis<br>confirmation,"[16, 22]","['confirmation', 'raven', 'confirm', 'hypothesis', 'probability', 'bayesian', 'frequency', 'chance']",0,0.7766101956367493,mix_16_22_closest,"['confirmation', 'raven', 'confirm', 'hypothesis']","['probability', 'bayesian', 'frequency', 'chance']",CFMF_25
216476559,,<b>spacetime</b><br>geodesics<br><b>relativity</b><br><b>inertial</b><br>covariant<br>timelike<br>lorentz<br><b>relativistic</b>,[7],"['inertial', 'spacetime', 'relativity', 'relativistic', 'geodesics', 'covariant', 'lorentz', 'timelike']",-1,1.0,single,"['inertial', 'spacetime', 'relativity', 'relativistic']","['geodesics', 'covariant', 'lorentz', 'timelike']",Top2Vec_25
216476560,,<b>scientific</b><br>science<br><b>sociology</b><br>society<br><b>political</b><br>social<br><b>research</b><br>culture,[37],"['social', 'science', 'society', 'culture', 'scientific', 'research', 'sociology', 'political']",-1,1.0,single,"['social', 'science', 'society', 'culture']","['scientific', 'research', 'sociology', 'political']",CFMF_50
216476561,,<b>galileo</b><br>space<br>point<br>time<br><b>body</b><br><b>motion</b><br><b>newton</b><br>theory,"[6, 8]","['time', 'space', 'theory', 'point', 'newton', 'motion', 'galileo', 'body']",0,0.7897402048110962,mix_6_8_closest,"['time', 'space', 'theory', 'point']","['newton', 'motion', 'galileo', 'body']",BERTopic_10
216476562,,<b>social</b><br>action<br>morality<br><b>research</b><br><b>science</b><br>moral<br>agent<br><b>scientist</b>,"[14, 23]","['moral', 'action', 'agent', 'morality', 'social', 'science', 'research', 'scientist']",0,0.6847378611564636,mix_14_23_closest,"['moral', 'action', 'agent', 'morality']","['social', 'science', 'research', 'scientist']",CFMF-emb_24
216476563,,<b>world</b><br>statement<br><b>universal</b><br>nature<br><b>system</b><br>law<br><b>nomological</b><br>generalization,[37],"['law', 'statement', 'nature', 'generalization', 'world', 'nomological', 'universal', 'system']",-1,1.0,single,"['law', 'statement', 'nature', 'generalization']","['world', 'nomological', 'universal', 'system']",BERTopic_54
216476564,,quine<br><b>language</b><br><b>sentence</b><br><b>utterance</b><br>predicate<br><b>speaker</b><br>semantic<br>meaning,[19],"['sentence', 'language', 'speaker', 'utterance', 'meaning', 'quine', 'semantic', 'predicate']",-1,1.0,single,"['sentence', 'language', 'speaker', 'utterance']","['meaning', 'quine', 'semantic', 'predicate']",CFMF-emb_24
216476565,,<b>belief</b><br><b>knowledge</b><br>realist<br>theory<br><b>epistemic</b><br>scientific<br>realism<br><b>know</b>,"[7, 10]","['belief', 'knowledge', 'know', 'epistemic', 'theory', 'realist', 'realism', 'scientific']",0,0.7960129380226135,mix_7_10_closest,"['belief', 'knowledge', 'know', 'epistemic']","['theory', 'realist', 'realism', 'scientific']",BERTopic_25
216476566,,modernity<br>politics<br>political<br><b>bloor</b><br>feyerabend<br><b>sociological</b><br><b>sociologist</b><br><b>sociology</b>,"[19, 25]","['modernity', 'politics', 'political', 'feyerabend', 'sociologist', 'bloor', 'sociological', 'sociology']",0,0.8241285085678101,mix_19_25_closest,"['modernity', 'politics', 'political', 'feyerabend']","['sociologist', 'bloor', 'sociological', 'sociology']",Top2Vec_48
216476567,,science<br>scientific<br><b>evidence</b><br>theory<br><b>value</b><br>hypothesis<br><b>measure</b><br><b>probability</b>,"[2, 12]","['probability', 'value', 'measure', 'evidence', 'theory', 'scientific', 'science', 'hypothesis']",0,0.7376739382743835,mix_2_12_closest,"['probability', 'value', 'measure', 'evidence']","['theory', 'scientific', 'science', 'hypothesis']",LDA_25
216476568,,modernism<br><b>politics</b><br><b>modernity</b><br><b>feyerabend</b><br>postmodern<br><b>political</b><br>postmodernism<br>modernist,[19],"['modernity', 'politics', 'political', 'feyerabend', 'modernist', 'modernism', 'postmodernism', 'postmodern']",-1,1.0,single,"['modernity', 'politics', 'political', 'feyerabend']","['modernist', 'modernism', 'postmodernism', 'postmodern']",Top2Vec_48
216476569,,<b>motion</b><br><b>force</b><br><b>newton</b><br>einstein<br>clock<br>lorentz<br>velocity<br><b>body</b>,"[18, 23]","['motion', 'newton', 'body', 'force', 'clock', 'velocity', 'lorentz', 'einstein']",0,0.7673113346099854,mix_18_23_closest,"['motion', 'newton', 'body', 'force']","['clock', 'velocity', 'lorentz', 'einstein']",NMF_25
216476570,,verisimilitude<br><b>predicate</b><br><b>prob</b><br><b>true</b><br>constituent<br><b>amp</b><br>obligation<br>iff,[46],"['amp', 'predicate', 'true', 'prob', 'obligation', 'verisimilitude', 'constituent', 'iff']",-1,1.0,single,"['amp', 'predicate', 'true', 'prob']","['obligation', 'verisimilitude', 'constituent', 'iff']",NMF_50
216476571,,conditionalization<br>schervish<br><b>bet</b><br><b>utility</b><br><b>credence</b><br><b>bettor</b><br>finetti<br>jeffrey,[8],"['conditionalization', 'finetti', 'schervish', 'jeffrey', 'utility', 'bet', 'credence', 'bettor']",-1,1.0,single,"['conditionalization', 'finetti', 'schervish', 'jeffrey']","['utility', 'bet', 'credence', 'bettor']",Top2Vec_48
216476572,,<b>intervention</b><br>causation<br>event<br><b>causality</b><br><b>variable</b><br>causal<br>cause<br><b>probability</b>,[36],"['causal', 'causation', 'cause', 'event', 'intervention', 'variable', 'causality', 'probability']",-1,1.0,single,"['causal', 'causation', 'cause', 'event']","['intervention', 'variable', 'causality', 'probability']",CFMF-emb_51
216476573,,<b>batterman</b><br>superposition<br><b>idealization</b><br>quantum<br>eigenstates<br>eigenstate<br><b>idealize</b><br><b>approximation</b>,"[9, 12]","['eigenstates', 'eigenstate', 'quantum', 'superposition', 'idealization', 'batterman', 'idealize', 'approximation']",0,0.716180682182312,mix_9_12_closest,"['eigenstates', 'eigenstate', 'quantum', 'superposition']","['idealization', 'batterman', 'idealize', 'approximation']",Top2Vec_25
216476574,,peirce<br><b>experience</b><br>abduction<br><b>transcendental</b><br><b>cassirer</b><br>whewell<br><b>kant</b><br>husserl,"[34, 48]","['peirce', 'husserl', 'whewell', 'abduction', 'kant', 'transcendental', 'cassirer', 'experience']",0,0.8121308088302612,mix_34_48_closest,"['peirce', 'husserl', 'whewell', 'abduction']","['kant', 'transcendental', 'cassirer', 'experience']",CFMF_50
216476575,,<b>force</b><br><b>ceteris</b><br>regularity<br>generalization<br>law<br><b>nature</b><br>statement<br><b>condition</b>,[14],"['law', 'statement', 'regularity', 'generalization', 'condition', 'force', 'nature', 'ceteris']",-1,1.0,single,"['law', 'statement', 'regularity', 'generalization']","['condition', 'force', 'nature', 'ceteris']",NMF_50
216476576,,<b>set</b><br>case<br>conditional<br>condition<br>paradox<br><b>counterfactual</b><br><b>revision</b><br><b>conditionals</b>,[47],"['paradox', 'case', 'conditional', 'condition', 'revision', 'set', 'conditionals', 'counterfactual']",-1,1.0,single,"['paradox', 'case', 'conditional', 'condition']","['revision', 'set', 'conditionals', 'counterfactual']",LDA_54
216476577,,<b>explanation</b><br><b>explanatory</b><br>scientific<br>theory<br><b>law</b><br><b>understanding</b><br>realist<br>realism,"[11, 10]","['explanation', 'understanding', 'law', 'explanatory', 'theory', 'realist', 'realism', 'scientific']",0,0.7514225244522095,mix_11_10_closest,"['explanation', 'understanding', 'law', 'explanatory']","['theory', 'realist', 'realism', 'scientific']",BERTopic_25
216476579,,theory<br><b>realism</b><br>problem<br><b>success</b><br><b>realist</b><br><b>entity</b><br>scientific<br>popper,"[13, 50]","['theory', 'scientific', 'problem', 'popper', 'success', 'realism', 'realist', 'entity']",0,0.7842109799385071,mix_13_50_closest,"['theory', 'scientific', 'problem', 'popper']","['success', 'realism', 'realist', 'entity']",LDA_54
216476580,,<b>paradox</b><br><b>conditional</b><br><b>case</b><br>false<br>truth<br>proposition<br><b>condition</b><br>true,"[47, 4]","['paradox', 'case', 'conditional', 'condition', 'truth', 'true', 'proposition', 'false']",0,0.7737922668457031,mix_47_4_closest,"['paradox', 'case', 'conditional', 'condition']","['truth', 'true', 'proposition', 'false']",LDA_54
216476581,,<b>einstein</b><br>measurement<br>particle<br>quantum<br>mechanic<br><b>motion</b><br><b>space</b><br><b>spacetime</b>,"[0, 2]","['quantum', 'particle', 'measurement', 'mechanic', 'einstein', 'spacetime', 'space', 'motion']",0,0.7757389545440674,mix_0_2_closest,"['quantum', 'particle', 'measurement', 'mechanic']","['einstein', 'spacetime', 'space', 'motion']",CFMF-emb_10
216476582,,<b>player</b><br><b>rawls</b><br>harsanyi<br>moral<br>morality<br><b>rationality</b><br>morally<br><b>utilitarianism</b>,[14],"['morality', 'morally', 'harsanyi', 'moral', 'utilitarianism', 'player', 'rationality', 'rawls']",-1,1.0,single,"['morality', 'morally', 'harsanyi', 'moral']","['utilitarianism', 'player', 'rationality', 'rawls']",Top2Vec_48
216476583,,shogenji<br>meijs<br>fitelson<br>confirmation<br><b>inductive</b><br><b>finetti</b><br><b>probability</b><br><b>exchangeable</b>,"[29, 13]","['fitelson', 'shogenji', 'meijs', 'confirmation', 'inductive', 'finetti', 'probability', 'exchangeable']",0,0.8232687711715698,mix_29_13_closest,"['fitelson', 'shogenji', 'meijs', 'confirmation']","['inductive', 'finetti', 'probability', 'exchangeable']",Top2Vec_48
216476584,,<b>statement</b><br><b>nature</b><br>property<br>system<br>world<br><b>law</b><br><b>generalization</b><br>account,[24],"['law', 'nature', 'generalization', 'statement', 'world', 'system', 'property', 'account']",-1,1.0,single,"['law', 'nature', 'generalization', 'statement']","['world', 'system', 'property', 'account']",BERTopic_25
216476585,,transcendental<br><b>scientific</b><br>object<br>experience<br><b>science</b><br>kant<br><b>social</b><br><b>theory</b>,"[1, 41]","['science', 'scientific', 'theory', 'social', 'kant', 'object', 'experience', 'transcendental']",0,0.7467895150184631,mix_1_41_closest,"['science', 'scientific', 'theory', 'social']","['kant', 'object', 'experience', 'transcendental']",BERTopic_54
216476586,,lottery<br><b>justification</b><br>aggregation<br>dretske<br><b>doxastic</b><br>warrant<br><b>belief</b><br><b>epistemic</b>,"[28, 46]","['dretske', 'lottery', 'warrant', 'aggregation', 'belief', 'epistemic', 'justification', 'doxastic']",0,0.774422287940979,mix_28_46_closest,"['dretske', 'lottery', 'warrant', 'aggregation']","['belief', 'epistemic', 'justification', 'doxastic']",CFMF_50
216476587,,structural<br>osr<br><b>theoretical</b><br><b>term</b><br>structure<br><b>theory</b><br><b>model</b><br>object,"[10, 53]","['theory', 'theoretical', 'term', 'model', 'structure', 'structural', 'object', 'osr']",0,0.7957334518432617,mix_10_53_closest,"['theory', 'theoretical', 'term', 'model']","['structure', 'structural', 'object', 'osr']",BERTopic_54
216476588,,civilization<br><b>sociology</b><br><b>mankind</b><br>t'he<br><b>philosophic</b><br>spiritual<br><b>society</b><br>lundberg,[2],"['mankind', 'philosophic', 'sociology', 'society', 'civilization', 'spiritual', ""t'he"", 'lundberg']",-1,1.0,single,"['mankind', 'philosophic', 'sociology', 'society']","['civilization', 'spiritual', ""t'he"", 'lundberg']",Top2Vec_48
216476589,,<b>ceteris</b><br>cartwright<br>generalization<br><b>regularity</b><br><b>law</b><br>universe<br><b>paribus</b><br>necessity,[13],"['law', 'ceteris', 'paribus', 'regularity', 'cartwright', 'generalization', 'necessity', 'universe']",-1,1.0,single,"['law', 'ceteris', 'paribus', 'regularity']","['cartwright', 'generalization', 'necessity', 'universe']",CFMF-emb_51
216476590,,seventeenth<br><b>sensibility</b><br><b>kant</b><br>descartes<br>galileo<br><b>kantian</b><br><b>transcendental</b><br>newton,"[4, 22]","['newton', 'seventeenth', 'descartes', 'galileo', 'kant', 'transcendental', 'kantian', 'sensibility']",0,0.7673561573028564,mix_4_22_closest,"['newton', 'seventeenth', 'descartes', 'galileo']","['kant', 'transcendental', 'kantian', 'sensibility']",Top2Vec_48
216476591,,<b>gene</b><br><b>phenotypic</b><br>developmental<br>evolutionary<br><b>organism</b><br>genetic<br>heritable<br><b>phenotype</b>,[1],"['gene', 'phenotypic', 'phenotype', 'organism', 'genetic', 'evolutionary', 'developmental', 'heritable']",-1,1.0,single,"['gene', 'phenotypic', 'phenotype', 'organism']","['genetic', 'evolutionary', 'developmental', 'heritable']",Top2Vec_48
216476592,,economist<br>economic<br>theory<br><b>case</b><br><b>evidence</b><br><b>hypothesis</b><br>economics<br><b>probability</b>,"[19, 1]","['economic', 'economics', 'economist', 'theory', 'probability', 'hypothesis', 'evidence', 'case']",0,0.7604119777679443,mix_19_1_closest,"['economic', 'economics', 'economist', 'theory']","['probability', 'hypothesis', 'evidence', 'case']",BERTopic_25
216476593,,<b>einstein</b><br>velocity<br>lorentz<br>space<br><b>relativity</b><br><b>spacetime</b><br>inertial<br><b>clock</b>,[23],"['spacetime', 'einstein', 'clock', 'relativity', 'lorentz', 'inertial', 'space', 'velocity']",-1,1.0,single,"['spacetime', 'einstein', 'clock', 'relativity']","['lorentz', 'inertial', 'space', 'velocity']",CFMF_25
216476594,,<b>mental</b><br>society<br><b>supervenience</b><br>moral<br><b>property</b><br>individual<br><b>physical</b><br>social,"[0, 17]","['social', 'moral', 'individual', 'society', 'property', 'supervenience', 'mental', 'physical']",0,0.6901545524597168,mix_0_17_closest,"['social', 'moral', 'individual', 'society']","['property', 'supervenience', 'mental', 'physical']",NMF_50
216476595,,<b>belief</b><br><b>agent</b><br>utility<br>action<br><b>game</b><br>player<br>preference<br><b>epistemic</b>,[1],"['belief', 'agent', 'epistemic', 'game', 'player', 'action', 'utility', 'preference']",-1,1.0,single,"['belief', 'agent', 'epistemic', 'game']","['player', 'action', 'utility', 'preference']",CFMF_10
216476596,,gunky<br><b>markosian</b><br><b>endurantist</b><br>truthmakers<br><b>mereological</b><br><b>truthmaking</b><br>merricks<br>truthmaker,[17],"['mereological', 'markosian', 'truthmaking', 'endurantist', 'gunky', 'truthmaker', 'merricks', 'truthmakers']",-1,1.0,single,"['mereological', 'markosian', 'truthmaking', 'endurantist']","['gunky', 'truthmaker', 'merricks', 'truthmakers']",Top2Vec_48
216476597,,wave<br><b>measurement</b><br><b>quantum</b><br>probability<br><b>particle</b><br>spin<br><b>mechanic</b><br>electron,[2],"['quantum', 'particle', 'measurement', 'mechanic', 'wave', 'spin', 'probability', 'electron']",-1,1.0,single,"['quantum', 'particle', 'measurement', 'mechanic']","['wave', 'spin', 'probability', 'electron']",CFMF-emb_24
216476598,,theoretical<br><b>scale</b><br>theory<br><b>quantity</b><br><b>measurement</b><br><b>measure</b><br>term<br>model,"[22, 16]","['measurement', 'scale', 'measure', 'quantity', 'theory', 'theoretical', 'term', 'model']",0,0.7410654425621033,mix_22_16_closest,"['measurement', 'scale', 'measure', 'quantity']","['theory', 'theoretical', 'term', 'model']",BERTopic_25
216476599,,<b>state</b><br><b>system</b><br>quantum<br>field<br><b>mechanic</b><br>theory<br><b>measurement</b><br>particle,"[25, 26]","['particle', 'quantum', 'field', 'theory', 'state', 'mechanic', 'measurement', 'system']",0,0.7716325521469116,mix_25_26_closest,"['particle', 'quantum', 'field', 'theory']","['state', 'mechanic', 'measurement', 'system']",LDA_54
216476600,,<b>intervention</b><br>causation<br>event<br><b>causality</b><br><b>variable</b><br>causal<br>cause<br><b>causally</b>,[36],"['causal', 'causation', 'cause', 'event', 'intervention', 'variable', 'causality', 'causally']",-1,1.0,single,"['causal', 'causation', 'cause', 'event']","['intervention', 'variable', 'causality', 'causally']",CFMF_50
216476601,,kant<br>schlick<br><b>logic</b><br><b>science</b><br><b>husserl</b><br><b>carnap</b><br>philosophy<br>experience,[8],"['kant', 'philosophy', 'schlick', 'experience', 'science', 'logic', 'husserl', 'carnap']",-1,1.0,single,"['kant', 'philosophy', 'schlick', 'experience']","['science', 'logic', 'husserl', 'carnap']",CFMF-emb_24
216476602,,hypothesis<br><b>inductive</b><br>parsimony<br><b>sample</b><br><b>probability</b><br>simplicity<br><b>carnap</b><br>curve,"[42, 48]","['simplicity', 'curve', 'parsimony', 'hypothesis', 'inductive', 'probability', 'carnap', 'sample']",0,0.7740642428398132,mix_42_48_closest,"['simplicity', 'curve', 'parsimony', 'hypothesis']","['inductive', 'probability', 'carnap', 'sample']",BERTopic_54
216476603,,<b>model</b><br><b>simulation</b><br>regularity<br>statement<br><b>representation</b><br><b>system</b><br>law<br>condition,"[6, 14]","['model', 'simulation', 'system', 'representation', 'law', 'condition', 'statement', 'regularity']",0,0.70207679271698,mix_6_14_closest,"['model', 'simulation', 'system', 'representation']","['law', 'condition', 'statement', 'regularity']",NMF_25
216476605,,<b>game</b><br>knowledge<br>belief<br>epistemic<br><b>agent</b><br><b>decision</b><br>believe<br><b>action</b>,"[3, 6]","['action', 'agent', 'decision', 'game', 'belief', 'knowledge', 'epistemic', 'believe']",0,0.7144513130187988,mix_3_6_closest,"['action', 'agent', 'decision', 'game']","['belief', 'knowledge', 'epistemic', 'believe']",LDA_25
216476606,,truth<br><b>language</b><br><b>meaning</b><br>logic<br><b>sentence</b><br><b>predicate</b><br>linguistic<br>semantic,[17],"['sentence', 'language', 'predicate', 'meaning', 'truth', 'semantic', 'linguistic', 'logic']",-1,1.0,single,"['sentence', 'language', 'predicate', 'meaning']","['truth', 'semantic', 'linguistic', 'logic']",CFMF_50
216476607,,<b>choice</b><br><b>rational</b><br><b>credence</b><br>utility<br>agent<br>preference<br><b>probability</b><br>decision,[51],"['decision', 'agent', 'utility', 'preference', 'probability', 'choice', 'rational', 'credence']",-1,1.0,single,"['decision', 'agent', 'utility', 'preference']","['probability', 'choice', 'rational', 'credence']",LDA_54
216476608,,<b>quantifier</b><br><b>semantics</b><br>intensional<br>connective<br><b>tarski</b><br>quantification<br>cref<br><b>provable</b>,[1],"['quantifier', 'semantics', 'provable', 'tarski', 'quantification', 'connective', 'intensional', 'cref']",-1,1.0,single,"['quantifier', 'semantics', 'provable', 'tarski']","['quantification', 'connective', 'intensional', 'cref']",Top2Vec_10
216476609,,<b>understanding</b><br>event<br><b>explanation</b><br>causation<br>causal<br>cause<br><b>law</b><br><b>explanatory</b>,"[8, 11]","['causal', 'cause', 'causation', 'event', 'explanation', 'understanding', 'law', 'explanatory']",0,0.7337465286254883,mix_8_11_closest,"['causal', 'cause', 'causation', 'event']","['explanation', 'understanding', 'law', 'explanatory']",BERTopic_25
216476610,,<b>cognitive</b><br>perception<br><b>machine</b><br>color<br><b>computational</b><br>mental<br><b>brain</b><br>experience,"[15, 17]","['mental', 'perception', 'color', 'experience', 'cognitive', 'brain', 'machine', 'computational']",0,0.7481873631477356,mix_15_17_closest,"['mental', 'perception', 'color', 'experience']","['cognitive', 'brain', 'machine', 'computational']",CFMF-emb_24
216476611,,<b>coherent</b><br>witness<br><b>proposition</b><br>measure<br><b>set</b><br>probability<br><b>shogenji</b><br>coherence,[50],"['coherence', 'measure', 'probability', 'witness', 'set', 'proposition', 'coherent', 'shogenji']",-1,1.0,single,"['coherence', 'measure', 'probability', 'witness']","['set', 'proposition', 'coherent', 'shogenji']",BERTopic_54
216476612,,<b>explanation</b><br><b>explanatory</b><br><b>law</b><br>fact<br>account<br>condition<br>phenomenon<br><b>explain</b>,[42],"['explanation', 'law', 'explain', 'explanatory', 'account', 'phenomenon', 'condition', 'fact']",-1,1.0,single,"['explanation', 'law', 'explain', 'explanatory']","['account', 'phenomenon', 'condition', 'fact']",LDA_54
216476613,,<b>simulation</b><br>idealization<br>equation<br><b>target</b><br><b>model</b><br>climate<br><b>representation</b><br>representational,[13],"['model', 'simulation', 'representation', 'target', 'idealization', 'equation', 'representational', 'climate']",-1,1.0,single,"['model', 'simulation', 'representation', 'target']","['idealization', 'equation', 'representational', 'climate']",CFMF_50
216476614,,theory<br>empirical<br><b>object</b><br><b>relation</b><br>theoretical<br><b>world</b><br>structure<br><b>property</b>,"[3, 7]","['theory', 'theoretical', 'empirical', 'structure', 'world', 'object', 'relation', 'property']",0,0.7803099155426025,mix_3_7_closest,"['theory', 'theoretical', 'empirical', 'structure']","['world', 'object', 'relation', 'property']",LDA_54
216476615,,warrant<br><b>justification</b><br>knowledge<br><b>norm</b><br><b>case</b><br><b>evidence</b><br>know<br>epistemic,[40],"['epistemic', 'knowledge', 'warrant', 'know', 'justification', 'norm', 'case', 'evidence']",-1,1.0,single,"['epistemic', 'knowledge', 'warrant', 'know']","['justification', 'norm', 'case', 'evidence']",NMF_50
216476616,,utilitarianism<br>morality<br>utilitarian<br><b>signalers</b><br><b>huttegger</b><br><b>payoff</b><br>baier<br><b>replicator</b>,"[18, 23]","['morality', 'baier', 'utilitarianism', 'utilitarian', 'replicator', 'payoff', 'huttegger', 'signalers']",0,0.7384867072105408,mix_18_23_closest,"['morality', 'baier', 'utilitarianism', 'utilitarian']","['replicator', 'payoff', 'huttegger', 'signalers']",Top2Vec_25
216476617,,<b>lundberg</b><br>sociology<br><b>society</b><br>mores<br><b>mankind</b><br><b>civilization</b><br>personality<br>philosophic,[3],"['mankind', 'lundberg', 'society', 'civilization', 'personality', 'philosophic', 'mores', 'sociology']",-1,1.0,single,"['mankind', 'lundberg', 'society', 'civilization']","['personality', 'philosophic', 'mores', 'sociology']",Top2Vec_25
216476618,,<b>gene</b><br>genetic<br><b>organism</b><br>dna<br><b>species</b><br><b>specie</b><br>evolutionary<br>taxon,[49],"['gene', 'specie', 'species', 'organism', 'genetic', 'evolutionary', 'taxon', 'dna']",-1,1.0,single,"['gene', 'specie', 'species', 'organism']","['genetic', 'evolutionary', 'taxon', 'dna']",CFMF_50
216476619,,particle<br><b>bohr</b><br><b>quantum</b><br>mechanic<br><b>wave</b><br>energy<br><b>electron</b><br>physic,[2],"['quantum', 'wave', 'bohr', 'electron', 'particle', 'energy', 'mechanic', 'physic']",-1,1.0,single,"['quantum', 'wave', 'bohr', 'electron']","['particle', 'energy', 'mechanic', 'physic']",CFMF_50
216476620,,<b>truthmaking</b><br><b>parthood</b><br>nominalistically<br>nominalist<br>nominalistic<br><b>markosian</b><br><b>mereological</b><br>indispensability,"[24, 15]","['nominalistic', 'indispensability', 'nominalistically', 'nominalist', 'mereological', 'markosian', 'truthmaking', 'parthood']",0,0.7569823265075684,mix_24_15_closest,"['nominalistic', 'indispensability', 'nominalistically', 'nominalist']","['mereological', 'markosian', 'truthmaking', 'parthood']",Top2Vec_25
216476621,,morality<br>morally<br>moral<br>harsanyi<br><b>payoff</b><br><b>huttegger</b><br><b>sender</b><br><b>replicator</b>,"[14, 44]","['morality', 'morally', 'harsanyi', 'moral', 'replicator', 'payoff', 'sender', 'huttegger']",0,0.7526813745498657,mix_14_44_closest,"['morality', 'morally', 'harsanyi', 'moral']","['replicator', 'payoff', 'sender', 'huttegger']",Top2Vec_48
216476622,,<b>leibniz</b><br>temporal<br><b>whitehead</b><br><b>universe</b><br>event<br>space<br>cosmology<br><b>instant</b>,[7],"['universe', 'leibniz', 'whitehead', 'instant', 'temporal', 'event', 'cosmology', 'space']",-1,1.0,single,"['universe', 'leibniz', 'whitehead', 'instant']","['temporal', 'event', 'cosmology', 'space']",CFMF_50
216476623,,<b>probability</b><br>player<br>game<br><b>credence</b><br>agent<br><b>bayesian</b><br>utility<br><b>belief</b>,"[16, 18]","['player', 'game', 'agent', 'utility', 'probability', 'bayesian', 'credence', 'belief']",0,0.7331703901290894,mix_16_18_closest,"['player', 'game', 'agent', 'utility']","['probability', 'bayesian', 'credence', 'belief']",CFMF-emb_24
216476624,,belief<br>epistemic<br><b>inductive</b><br><b>inference</b><br>knowledge<br><b>induction</b><br>know<br><b>hume</b>,"[3, 28]","['belief', 'knowledge', 'epistemic', 'know', 'induction', 'inductive', 'inference', 'hume']",0,0.810842752456665,mix_3_28_closest,"['belief', 'knowledge', 'epistemic', 'know']","['induction', 'inductive', 'inference', 'hume']",BERTopic_54
216476625,,<b>wittgenstein</b><br><b>emotion</b><br>neurath<br>carnap<br><b>pain</b><br>language<br>schlick<br><b>russell</b>,"[8, 14]","['wittgenstein', 'emotion', 'russell', 'pain', 'carnap', 'neurath', 'schlick', 'language']",0,0.7402562499046326,mix_8_14_closest,"['wittgenstein', 'emotion', 'russell', 'pain']","['carnap', 'neurath', 'schlick', 'language']",CFMF_25
216476626,,<b>laraudogoitia</b><br>staccato<br><b>supertasks</b><br><b>supertask</b><br>zeno<br>alper<br>bridger<br><b>trst</b>,[45],"['laraudogoitia', 'supertask', 'supertasks', 'trst', 'alper', 'bridger', 'zeno', 'staccato']",-1,1.0,single,"['laraudogoitia', 'supertask', 'supertasks', 'trst']","['alper', 'bridger', 'zeno', 'staccato']",Top2Vec_48
216476627,,behavior<br><b>high</b><br><b>emergence</b><br>state<br><b>time</b><br><b>complex</b><br>system<br>level,[15],"['system', 'level', 'state', 'behavior', 'time', 'complex', 'high', 'emergence']",-1,1.0,single,"['system', 'level', 'state', 'behavior']","['time', 'complex', 'high', 'emergence']",LDA_54
216476628,,<b>liouville</b><br><b>microcanonical</b><br><b>gibbsian</b><br>macrostates<br>macrostate<br>microstate<br><b>boltzmannian</b><br>microstates,[22],"['macrostate', 'microstates', 'macrostates', 'microstate', 'microcanonical', 'liouville', 'boltzmannian', 'gibbsian']",-1,1.0,single,"['macrostate', 'microstates', 'macrostates', 'microstate']","['microcanonical', 'liouville', 'boltzmannian', 'gibbsian']",Top2Vec_25
216476629,,<b>causal</b><br><b>cause</b><br>event<br>case<br><b>law</b><br>condition<br><b>explanation</b><br>causation,[4],"['causal', 'cause', 'law', 'explanation', 'event', 'case', 'condition', 'causation']",-1,1.0,single,"['causal', 'cause', 'law', 'explanation']","['event', 'case', 'condition', 'causation']",BERTopic_10
216476630,,<b>statistical</b><br><b>hypothesis</b><br><b>propensity</b><br>frequency<br>probability<br>chance<br><b>distribution</b><br>bayesian,[22],"['probability', 'bayesian', 'frequency', 'chance', 'hypothesis', 'statistical', 'distribution', 'propensity']",-1,1.0,single,"['probability', 'bayesian', 'frequency', 'chance']","['hypothesis', 'statistical', 'distribution', 'propensity']",CFMF_25
216476631,,<b>success</b><br>theoretical<br>model<br><b>realism</b><br><b>realist</b><br>theory<br>term<br><b>scientific</b>,"[16, 10]","['theory', 'theoretical', 'term', 'model', 'success', 'realist', 'realism', 'scientific']",0,0.7757992744445801,mix_16_10_closest,"['theory', 'theoretical', 'term', 'model']","['success', 'realist', 'realism', 'scientific']",BERTopic_25
216476632,,<b>set</b><br><b>truth</b><br>theory<br><b>sentence</b><br>mathematics<br><b>language</b><br>mathematical<br>object,[0],"['sentence', 'truth', 'language', 'set', 'object', 'theory', 'mathematical', 'mathematics']",-1,1.0,single,"['sentence', 'truth', 'language', 'set']","['object', 'theory', 'mathematical', 'mathematics']",BERTopic_25
216476634,,cortex<br><b>intervention</b><br><b>interventionist</b><br>neuroscience<br><b>cartwright</b><br><b>woodward</b><br>neural<br>processing,"[6, 4]","['neural', 'processing', 'neuroscience', 'cortex', 'cartwright', 'woodward', 'intervention', 'interventionist']",0,0.640220046043396,mix_6_4_closest,"['neural', 'processing', 'neuroscience', 'cortex']","['cartwright', 'woodward', 'intervention', 'interventionist']",Top2Vec_10
216476635,,temporal<br><b>bang</b><br><b>time</b><br>event<br><b>cosmology</b><br>present<br><b>universe</b><br>past,"[33, 30]","['universe', 'time', 'bang', 'cosmology', 'present', 'event', 'past', 'temporal']",0,0.7519271373748779,mix_33_30_closest,"['universe', 'time', 'bang', 'cosmology']","['present', 'event', 'past', 'temporal']",BERTopic_54
216476636,,<b>vagueness</b><br><b>vague</b><br>true<br>bald<br><b>predicate</b><br>truth<br>sorites<br><b>borderline</b>,[32],"['vagueness', 'vague', 'borderline', 'predicate', 'bald', 'true', 'sorites', 'truth']",-1,1.0,single,"['vagueness', 'vague', 'borderline', 'predicate']","['bald', 'true', 'sorites', 'truth']",BERTopic_54
216476637,,<b>society</b><br><b>science</b><br>feyerabend<br><b>scientific</b><br>popper<br>laudan<br><b>social</b><br>kuhn,"[2, 5]","['social', 'science', 'society', 'scientific', 'kuhn', 'popper', 'laudan', 'feyerabend']",0,0.6865129470825195,mix_2_5_closest,"['social', 'science', 'society', 'scientific']","['kuhn', 'popper', 'laudan', 'feyerabend']",CFMF_10
216476638,,inductive<br>rule<br>induction<br>inference<br><b>confirmation</b><br><b>confirm</b><br><b>measure</b><br><b>evidence</b>,"[31, 20]","['induction', 'inductive', 'rule', 'inference', 'confirmation', 'confirm', 'measure', 'evidence']",0,0.7799575924873352,mix_31_20_closest,"['induction', 'inductive', 'rule', 'inference']","['confirmation', 'confirm', 'measure', 'evidence']",NMF_50
216476639,,<b>tarski</b><br><b>sentence</b><br>kattsoff<br><b>quantifier</b><br>mengenlehre<br>mannoury<br>mathematik<br><b>frege</b>,"[0, 21]","['tarski', 'frege', 'quantifier', 'sentence', 'kattsoff', 'mannoury', 'mathematik', 'mengenlehre']",0,0.8323194980621338,mix_0_21_closest,"['tarski', 'frege', 'quantifier', 'sentence']","['kattsoff', 'mannoury', 'mathematik', 'mengenlehre']",Top2Vec_48
216476640,,scientist<br><b>philosophy</b><br><b>science</b><br>historical<br><b>scientific</b><br>history<br><b>knowledge</b><br>philosopher,[2],"['science', 'scientific', 'philosophy', 'knowledge', 'scientist', 'history', 'historical', 'philosopher']",-1,1.0,single,"['science', 'scientific', 'philosophy', 'knowledge']","['scientist', 'history', 'historical', 'philosopher']",LDA_54
216476641,,fraassen<br>realism<br><b>reduction</b><br>realist<br><b>explanation</b><br>van<br><b>model</b><br><b>law</b>,"[2, 12]","['law', 'explanation', 'model', 'reduction', 'realist', 'realism', 'fraassen', 'van']",0,0.7721015214920044,mix_2_12_closest,"['law', 'explanation', 'model', 'reduction']","['realist', 'realism', 'fraassen', 'van']",CFMF_25
216476642,,god<br>descartes<br><b>force</b><br>galileo<br><b>newton</b><br>earth<br><b>body</b><br><b>motion</b>,[27],"['motion', 'newton', 'body', 'force', 'galileo', 'descartes', 'god', 'earth']",-1,1.0,single,"['motion', 'newton', 'body', 'force']","['galileo', 'descartes', 'god', 'earth']",NMF_50
216476643,,agent<br><b>bet</b><br><b>credence</b><br>jeffrey<br><b>probability</b><br><b>belief</b><br>conditionalization<br>function,[17],"['probability', 'bet', 'belief', 'credence', 'agent', 'function', 'conditionalization', 'jeffrey']",-1,1.0,single,"['probability', 'bet', 'belief', 'credence']","['agent', 'function', 'conditionalization', 'jeffrey']",BERTopic_54
216476644,,predicate<br><b>truth</b><br>vagueness<br><b>set</b><br><b>sentence</b><br>vague<br><b>language</b><br>borderline,"[0, 21]","['sentence', 'truth', 'language', 'set', 'vagueness', 'vague', 'borderline', 'predicate']",0,0.7933707237243652,mix_0_21_closest,"['sentence', 'truth', 'language', 'set']","['vagueness', 'vague', 'borderline', 'predicate']",BERTopic_25
216476645,,<b>psychology</b><br>behavior<br><b>mind</b><br>state<br><b>human</b><br>mental<br><b>cognitive</b><br>psychological,[37],"['mental', 'behavior', 'state', 'psychological', 'psychology', 'cognitive', 'mind', 'human']",-1,1.0,single,"['mental', 'behavior', 'state', 'psychological']","['psychology', 'cognitive', 'mind', 'human']",LDA_54
216476646,,brain<br><b>color</b><br>cognitive<br>neural<br><b>perception</b><br>computational<br><b>perceptual</b><br><b>visual</b>,"[23, 41]","['perception', 'perceptual', 'visual', 'color', 'cognitive', 'brain', 'neural', 'computational']",0,0.7387664318084717,mix_23_41_closest,"['perception', 'perceptual', 'visual', 'color']","['cognitive', 'brain', 'neural', 'computational']",CFMF-emb_51
216476648,,lorentz<br>velocity<br><b>state</b><br>clock<br><b>particle</b><br>einstein<br><b>measurement</b><br><b>quantum</b>,"[2, 23]","['quantum', 'particle', 'measurement', 'state', 'clock', 'velocity', 'lorentz', 'einstein']",0,0.7100043296813965,mix_2_23_closest,"['quantum', 'particle', 'measurement', 'state']","['clock', 'velocity', 'lorentz', 'einstein']",NMF_25
216476649,,philosophiae<br><b>descartes</b><br><b>seventeenth</b><br>dedicatory<br><b>newton</b><br>treatise<br><b>mathematicall</b><br>celestial,[2],"['seventeenth', 'newton', 'descartes', 'mathematicall', 'philosophiae', 'treatise', 'dedicatory', 'celestial']",-1,1.0,single,"['seventeenth', 'newton', 'descartes', 'mathematicall']","['philosophiae', 'treatise', 'dedicatory', 'celestial']",Top2Vec_25
216476650,,hypothesis<br>evidence<br><b>theory</b><br>confirm<br><b>black</b><br>confirmation<br><b>raven</b><br><b>test</b>,[9],"['hypothesis', 'confirmation', 'evidence', 'confirm', 'raven', 'test', 'theory', 'black']",-1,1.0,single,"['hypothesis', 'confirmation', 'evidence', 'confirm']","['raven', 'test', 'theory', 'black']",NMF_10
216476651,,<b>warrant</b><br><b>proposition</b><br><b>testimony</b><br>justification<br>belief<br>knowledge<br><b>doxastic</b><br>epistemic,[22],"['belief', 'epistemic', 'justification', 'knowledge', 'proposition', 'warrant', 'doxastic', 'testimony']",-1,1.0,single,"['belief', 'epistemic', 'justification', 'knowledge']","['proposition', 'warrant', 'doxastic', 'testimony']",CFMF-emb_24
216476652,,feyerabend<br><b>paradigm</b><br><b>kuhn</b><br>revolution<br><b>incommensurability</b><br>science<br><b>scientific</b><br>scientist,[2],"['kuhn', 'incommensurability', 'paradigm', 'scientific', 'feyerabend', 'science', 'revolution', 'scientist']",-1,1.0,single,"['kuhn', 'incommensurability', 'paradigm', 'scientific']","['feyerabend', 'science', 'revolution', 'scientist']",CFMF-emb_51
216476653,,<b>mechanic</b><br><b>particle</b><br>electron<br><b>quantum</b><br>energy<br><b>measurement</b><br>probability<br>wave,[0],"['quantum', 'particle', 'measurement', 'mechanic', 'wave', 'electron', 'probability', 'energy']",-1,1.0,single,"['quantum', 'particle', 'measurement', 'mechanic']","['wave', 'electron', 'probability', 'energy']",CFMF-emb_10
216476654,,galileo<br>kant<br>motion<br><b>relativity</b><br><b>clock</b><br><b>einstein</b><br>newton<br><b>spacetime</b>,"[15, 23]","['kant', 'newton', 'galileo', 'motion', 'spacetime', 'einstein', 'clock', 'relativity']",0,0.7337546944618225,mix_15_23_closest,"['kant', 'newton', 'galileo', 'motion']","['spacetime', 'einstein', 'clock', 'relativity']",CFMF_25
216476655,,<b>concept</b><br><b>definition</b><br>refer<br>reference<br><b>kind</b><br><b>term</b><br>use<br>category,[34],"['concept', 'term', 'kind', 'definition', 'reference', 'use', 'category', 'refer']",-1,1.0,single,"['concept', 'term', 'kind', 'definition']","['reference', 'use', 'category', 'refer']",LDA_54
216476656,,<b>proposition</b><br>truth<br>true<br><b>logic</b><br><b>false</b><br>sentence<br>predicate<br><b>world</b>,"[11, 15]","['sentence', 'truth', 'predicate', 'true', 'proposition', 'false', 'logic', 'world']",0,0.8010908365249634,mix_11_15_closest,"['sentence', 'truth', 'predicate', 'true']","['proposition', 'false', 'logic', 'world']",NMF_25
216476657,,<b>mannoury</b><br>society<br><b>conscience</b><br>philosophic<br><b>spiritual</b><br>sociology<br><b>significa</b><br>mankind,"[2, 9]","['mankind', 'philosophic', 'sociology', 'society', 'spiritual', 'conscience', 'mannoury', 'significa']",0,0.7994886636734009,mix_2_9_closest,"['mankind', 'philosophic', 'sociology', 'society']","['spiritual', 'conscience', 'mannoury', 'significa']",Top2Vec_48
216476658,,gettier<br><b>knowledge</b><br><b>justification</b><br><b>epistemic</b><br>testimony<br><b>belief</b><br>proposition<br>williamson,[46],"['belief', 'knowledge', 'epistemic', 'justification', 'proposition', 'gettier', 'testimony', 'williamson']",-1,1.0,single,"['belief', 'knowledge', 'epistemic', 'justification']","['proposition', 'gettier', 'testimony', 'williamson']",CFMF-emb_51
216476659,,<b>utility</b><br>decision<br>action<br><b>credence</b><br><b>agent</b><br>belief<br><b>preference</b><br>probability,[13],"['agent', 'utility', 'preference', 'credence', 'decision', 'action', 'probability', 'belief']",-1,1.0,single,"['agent', 'utility', 'preference', 'credence']","['decision', 'action', 'probability', 'belief']",CFMF_25
216476660,,goal<br><b>selection</b><br><b>fitness</b><br><b>evolutionary</b><br>function<br>artefact<br>teleological<br><b>population</b>,"[18, 6]","['function', 'teleological', 'artefact', 'goal', 'selection', 'population', 'fitness', 'evolutionary']",0,0.7423285245895386,mix_18_6_closest,"['function', 'teleological', 'artefact', 'goal']","['selection', 'population', 'fitness', 'evolutionary']",BERTopic_54
216476661,,argument<br><b>motion</b><br>theory<br><b>force</b><br><b>body</b><br><b>newton</b><br>claim<br>truth,"[18, 1]","['body', 'motion', 'newton', 'force', 'theory', 'argument', 'claim', 'truth']",0,0.7474256753921509,mix_18_1_closest,"['body', 'motion', 'newton', 'force']","['theory', 'argument', 'claim', 'truth']",LDA_25
216476662,,verisimilitude<br>truthlikeness<br>popper<br>miller<br><b>coherence</b><br><b>ibe</b><br><b>shogenji</b><br><b>testimony</b>,"[26, 35]","['popper', 'verisimilitude', 'truthlikeness', 'miller', 'coherence', 'ibe', 'shogenji', 'testimony']",0,0.789143979549408,mix_26_35_closest,"['popper', 'verisimilitude', 'truthlikeness', 'miller']","['coherence', 'ibe', 'shogenji', 'testimony']",CFMF_50
216476663,,scheines<br><b>propen</b><br>cmc<br>spirtes<br><b>mise</b><br>intervention<br><b>fetzer</b><br><b>propensity</b>,"[33, 40]","['spirtes', 'scheines', 'intervention', 'cmc', 'fetzer', 'propensity', 'propen', 'mise']",0,0.7949707508087158,mix_33_40_closest,"['spirtes', 'scheines', 'intervention', 'cmc']","['fetzer', 'propensity', 'propen', 'mise']",Top2Vec_48
216476664,,thing<br><b>use</b><br><b>knowledge</b><br>point<br><b>mean</b><br>case<br>know<br><b>question</b>,"[10, 11]","['question', 'knowledge', 'use', 'mean', 'thing', 'know', 'case', 'point']",0,0.797885000705719,mix_10_11_closest,"['question', 'knowledge', 'use', 'mean']","['thing', 'know', 'case', 'point']",LDA_54
216476665,,<b>science</b><br><b>scientific</b><br>philosophy<br>scientist<br><b>social</b><br>research<br>kuhn<br><b>theory</b>,[1],"['science', 'scientific', 'theory', 'social', 'research', 'scientist', 'philosophy', 'kuhn']",-1,1.0,single,"['science', 'scientific', 'theory', 'social']","['research', 'scientist', 'philosophy', 'kuhn']",BERTopic_54
216476666,,chemist<br><b>biology</b><br>chemistry<br><b>life</b><br><b>organism</b><br>substance<br>chemical<br><b>cell</b>,"[20, 15]","['chemical', 'chemistry', 'substance', 'chemist', 'cell', 'life', 'organism', 'biology']",0,0.7466795444488525,mix_20_15_closest,"['chemical', 'chemistry', 'substance', 'chemist']","['cell', 'life', 'organism', 'biology']",BERTopic_54
216476667,,<b>update</b><br><b>agent</b><br>credence<br>jeffrey<br>bayesian<br><b>posterior</b><br>probability<br><b>conditionalization</b>,[14],"['bayesian', 'probability', 'credence', 'jeffrey', 'conditionalization', 'update', 'posterior', 'agent']",-1,1.0,single,"['bayesian', 'probability', 'credence', 'jeffrey']","['conditionalization', 'update', 'posterior', 'agent']",CFMF_50
216476668,,science<br><b>incommensurability</b><br><b>feyerabend</b><br>lakatos<br><b>paradigm</b><br>laudan<br><b>kuhn</b><br>rationality,"[38, 33]","['kuhn', 'feyerabend', 'incommensurability', 'paradigm', 'laudan', 'lakatos', 'rationality', 'science']",0,0.7714933156967163,mix_38_33_closest,"['kuhn', 'feyerabend', 'incommensurability', 'paradigm']","['laudan', 'lakatos', 'rationality', 'science']",CFMF_50
216476669,,know<br>thing<br><b>man</b><br><b>find</b><br><b>good</b><br><b>question</b><br>time<br>fact,[8],"['know', 'time', 'thing', 'fact', 'find', 'man', 'good', 'question']",-1,1.0,single,"['know', 'time', 'thing', 'fact']","['find', 'man', 'good', 'question']",LDA_25
216878277,,dog<br>cat<br><b>horse</b><br><b>cow</b><br><b>sheep</b><br><b>goat</b><br>donkey<br>pig,[-10],,-10,1.0,control,['dog' 'cat' 'horse' 'cow'] ['sheep' 'goat' 'donkey' 'pig'],['dog' 'cat' 'horse' 'cow' 'sheep' 'goat' 'donkey' 'pig'],CONTROL
216878278,,<b>apple</b><br><b>pear</b><br>orange<br>grape<br><b>peach</b><br><b>plum</b><br>melon<br>kiwi,[-10],,-10,1.0,control,['apple' 'pear' 'orange' 'grape'] ['peach' 'plum' 'melon' 'kiwi'],['apple' 'pear' 'orange' 'grape' 'peach' 'plum' 'melon' 'kiwi'],CONTROL
216878279,,<b>doctor</b><br><b>nurse</b><br><b>surgeon</b><br><b>therapist</b><br>rose<br>tulip<br>lily<br>daisy,[-20],,-20,0.0,control,['doctor' 'nurse' 'surgeon' 'therapist'] ['rose' 'tulip' 'lily' 'daisy'],['doctor' 'nurse' 'surgeon' 'therapist' 'rose' 'tulip' 'lily' 'daisy'],CONTROL
216878280,,<b>notebook</b><br><b>pencil</b><br><b>eraser</b><br>football<br><b>pen</b><br>tennis<br>basketball<br>chess,[-20],,-20,0.0,control,['notebook' 'pen' 'pencil' 'eraser'] ['football' 'tennis' 'basketball' 'chess'],['notebook' 'pen' 'pencil' 'eraser' 'football' 'tennis' 'basketball' 'chess'],CONTROL
